T_600,T_800,T_1000,T_1200,T_1400,T_1600,T_1800,Beta_0.15,Beta_0.17,Beta_0.19,Beta_0.21,Beta_0.23,Beta_0.25,Beta_0.27,Beta_0.29
2.999914824,2.999914824,2.999914824,2.999914824,2.999914824,2.999914824,2.999914824,2.999914824,2.999914824,2.999914824,2.999914824,2.999914824,2.999914824,2.999914824,2.999914824
3.90738326,3.90738326,3.90738326,3.90738326,3.90738326,3.90738326,3.90738326,3.90738326,3.90738326,3.90738326,3.90738326,3.90738326,3.90738326,3.90738326,3.90738326
5.113184041,5.113184041,5.113184041,5.113184041,5.113184041,5.113184041,5.113184041,5.113184041,5.113184041,5.113184041,5.113184041,5.113184041,5.113184041,5.113184041,5.113184041
6.660127863,6.660127863,6.660127863,6.660127863,6.660127863,6.660127863,6.660127863,6.660127863,6.660127863,6.660127863,6.660127863,6.660127863,6.660127863,6.660127863,6.660127863
5.339800584,5.339800584,5.339800584,5.339800584,5.339800584,5.339800584,5.339800584,3.20388035,3.631064397,4.058248444,4.485432491,4.912616537,5.339800584,5.766984631,6.194168678
6.087210547,6.087210547,6.087210547,6.087210547,6.087210547,6.087210547,6.087210547,3.332000293,3.848874677,4.382832972,4.933875101,5.502000986,6.087210547,6.689503708,7.308880389
6.954211256,6.954211256,6.954211256,6.954211256,6.954211256,6.954211256,6.954211256,3.47304095,4.088851076,4.743847592,5.439056094,6.175502142,6.954211256,7.776208916,8.642520562
7.955618153,7.955618153,7.955618153,7.955618153,7.955618153,7.955618153,7.955618153,3.625054463,4.349780545,5.141669411,6.004210495,6.940975453,7.955618153,9.051874662,10.23356323
9.198955139,9.198955139,9.198955139,9.198955139,9.198955139,9.198955139,9.198955139,3.828228977,4.680766261,5.635983496,6.701817097,7.886577051,9.198955139,10.64803316,12.24329115
10.24001058,10.24001058,10.24001058,10.24001058,10.24001058,10.24001058,10.24001058,3.874261428,4.831642734,5.931603291,7.188914549,8.619405515,10.24001058,12.06881839,14.12512169
11.8775086,11.8775086,11.8775086,11.8775086,11.8775086,11.8775086,11.8775086,4.104841468,5.21617618,6.52275479,8.049718627,9.824604835,11.8775086,14.24125234,16.951562
13.44697591,13.44697591,13.44697591,13.44697591,13.44697591,13.44697591,13.44697591,4.230860105,5.481914059,6.987242695,8.786244952,10.92305497,13.44697591,16.41294227,19.88201196
15.21920666,15.01012607,14.80104548,14.59196489,14.38288429,14.1738037,13.96472311,4.357583638,5.757409427,7.480467892,9.585407834,12.13941563,15.21920666,18.91210531,23.31721884
17.23242966,16.7636668,16.30077714,15.84378345,15.39270864,14.9475757,14.50840778,4.488377224,6.047442569,8.009932265,10.45988518,13.49575169,17.23242966,21.8035314,27.36390023
19.52128725,18.73271583,17.96362879,17.21391243,16.48344757,15.77210955,15.07976816,4.623387522,6.352848163,8.578493106,11.41723655,15.00914132,19.52128725,25.15217392,32.13671168
22.12584461,20.94611022,19.80947918,18.7153038,17.66291331,16.6516146,15.68069296,4.762767387,6.674515232,9.189258777,12.46585825,16.69894403,22.12584461,29.03464602,37.77352
25.09253143,23.43703409,21.86101915,20.36260445,18.9398455,17.59074077,16.31323722,4.906676185,7.013391266,9.845613985,13.61508813,18.58714191,25.09253143,33.54152126,44.44051848
28.47526239,26.24376439,24.14421453,22.17241892,20.32404346,18.59463453,16.97964033,5.055280121,7.370486707,10.55124796,14.87532511,20.69873764,28.47526239,38.78012141,52.33852928
32.33677114,29.41055812,26.6888546,24.16361854,21.82652026,19.66900329,17.68234626,5.208752591,7.746879833,11.31018593,16.25816589,23.06221906,32.33677114,44.87789458,61.71075785
36.75019903,32.98870886,29.52920312,26.35770598,23.45968254,20.82018934,18.42402636,5.367274551,8.143722069,12.12682422,17.77656117,25.71010207,36.75019903,51.98650495,72.85231076
41.80098681,37.03780581,32.70477221,28.77924596,25.23754082,22.05525526,19.20760529,5.531034918,8.562243792,13.00596966,19.44499461,28.67956545,41.80098681,60.28677613,86.12183702
47.58912532,41.62723448,36.26124329,31.45637504,27.17595606,23.38208251,20.03629024,5.700230979,9.003760659,13.95288352,21.27968796,32.01319343,47.58912532,69.99465151,101.955702
54.23182966,46.83796494,40.25156389,34.42140598,29.2929294,24.80948578,20.91360424,5.875068844,9.469680518,14.97333091,23.29883629,35.7598443,54.23182966,81.36835727,120.8851497
61.86671027,52.76468135,44.73725461,37.71154531,31.60894317,26.34734559,21.84342403,6.055763911,9.961510962,16.07363613,25.52287799,39.97566604,61.86671027,94.71697542,143.5569532
70.6555234,59.51831447,49.78996673,41.36974639,34.14736318,28.00676274,22.83002317,6.242541369,10.48086759,17.26074481,27.97480471,44.72528308,70.6555234,110.4106548,170.7580854
80.7885926,67.22904797,55.49333768,45.44572446,36.93491409,29.80023827,23.87812141,6.435636732,11.02948307,18.54229377,30.68051727,50.08318126,80.7885926,128.8927056,203.4449734
92.49000121,76.04987836,61.94519973,49.99716518,40.00224224,31.74188388,24.99294111,6.635296403,11.609217,19.92668948,33.66923441,56.13532158,92.49000121,150.6938382,242.7779057
106.0236636,86.1608177,69.26020545,55.09116423,43.38458279,33.84766834,26.18027208,6.841778278,12.22206685,21.42319644,36.97396182,62.98101643,106.0236636,176.4488161,290.1611482
121.7003893,97.77383661,77.57294269,60.80594172,47.12255196,36.1357067,27.44654597,7.055352385,12.87017979,23.04203658,40.63203039,70.73510573,121.7003893,206.915796,347.2892572
139.8860578,111.1386535,87.04162097,67.23288291,51.26308847,38.62660048,28.79892219,7.27630157,13.55586584,24.79450121,44.68571308,79.53047314,139.8860578,242.9986197,416.1999184
161.0110249,126.5494817,97.85242048,74.47896487,55.86057354,41.34383846,30.24538698,7.504922221,14.28161221,26.69307708,49.18293121,89.52094557,161.0110249,285.7722973,499.333325
185.5808802,144.3528513,110.2246035,82.66963751,60.97816377,44.31426998,31.79486812,7.741525044,15.05009908,28.75158842,54.17806196,100.8846215,185.5808802,336.5118616,599.5975335
214.1886675,164.9566239,124.4164955,91.95223667,66.68937782,47.56866463,33.45736798,7.986435891,15.86421703,30.98535695,59.73285992,113.8276755,214.1886675,396.7246648,720.4382774
247.5286693,188.840316,140.7324493,102.5000163,73.07998445,51.14237518,35.24411822,8.239996642,16.7270861,33.41138199,65.91750655,128.5886864,247.5286693,468.1859942,865.9101904
286.4118285,216.5668437,159.5309084,114.5168963,80.25024787,55.07612401,37.16775994,8.502566141,17.64207688,36.04854341,72.81180244,145.4435383,286.4118285,552.9775605,1040.744093
331.7828385,248.795783,181.2336865,128.2430292,88.31759429,59.41693693,39.24255413,8.77452121,18.61283368,38.91782991,80.50651811,164.7109388,331.7828385,653.5279116,1250.40165
384.7388591,286.2982221,206.336576,143.9612978,97.4197734,64.21925312,41.48462777,9.056257713,19.64330013,42.04259579,89.10491962,186.7585999,384.7388591,772.6530609,1501.104042
446.549701,329.9732395,235.4213889,162.004858,107.7185973,69.54624512,43.91226255,9.348191711,20.73774735,45.44884953,98.7244859,212.010116,446.549701,913.5945273,1799.81505
518.679147,380.8659779,269.1695158,182.7658424,119.4043491,75.47138899,46.54623396,9.650760686,21.90080507,49.16557766,109.4988348,240.9525672,518.679147,1080.050443,2154.150988
602.8068202,440.1871851,308.3770606,206.7053396,132.7009618,82.08033168,49.41021058,9.96442485,23.13749591,53.2251079,121.5798743,274.1448585,602.8068202,1276.193311,2572.180439
700.8496465,509.3339368,353.9715619,234.3647519,147.872075,89.4731105,52.53122496,10.28966856,24.45327331,57.6635157,135.1401961,312.226782,700.8496465,1506.665289,3062.066636
814.9814524,589.9110315,407.0302391,266.3786215,165.2280834,97.76678798,55.94022994,10.62700181,25.85406333,62.5210785,150.3757253,355.9287511,814.9814524,1776.538464,3631.4966
947.6485665,683.7522179,468.7995897,303.48899,185.1342916,107.0985747,59.67275707,10.97696185,27.34631081,67.84278251,167.50864,406.0821053,947.6485665,2091.223586,4286.837679
1101.578409,792.9399656,540.7159957,346.5613122,208.0202879,117.6295216,63.76969671,11.34011492,28.93703042,73.6788867,186.7905722,463.6298039,1101.578409,2456.306312,5031.970403
1279.776946,919.8218723,624.4267514,396.6018884,234.3906455,129.5488737,68.27822365,11.71705809,30.63386292,80.08554908,208.506095,529.6372253,1279.776946,2877.28588,5866.775721
1485.509512,1067.020998,721.8105751,454.7766793,264.8370409,143.0791834,73.25289616,12.10842124,32.44513734,87.12552026,232.9764976,605.3026416,1485.509512,3359.188355,6785.316146
1722.257952,1237.436384,834.9961851,522.4312295,300.0518618,158.4822922,78.75696207,12.51486923,34.37993964,94.86890934,260.5638408,691.9667486,1722.257952,3906.0271,7773.854222
1993.645268,1434.228757,966.3768732,601.1112149,340.8433358,176.066291,84.86391097,12.93710414,36.44818848,103.3940272,291.6752745,791.1203851,1993.645268,4520.089769,8809.000094
2303.317308,1660.784918,1118.618162,692.5828317,388.152162,196.1935749,91.65931897,13.37586779,38.66071871,112.7883116,326.7675816,904.4092625,2303.317308,5201.047596,9856.455402
2654.769687,1920.652665,1294.654573,798.8518265,443.0695414,219.2901017,99.24303975,13.83194431,41.02937363,123.1493391,366.351893,1033.634138,2654.769687,5944.91321,10870.97349
3051.107709,2217.436429,1497.670221,922.1794026,506.8563855,245.8559601,107.7318043,14.30616305,43.56710645,134.585927,410.998489,1180.744406,3051.107709,6742.921006,11798.1972
3494.728327,2554.642373,1731.056474,1065.092491,580.9632996,276.4773354,117.2623003,14.79940161,46.28809217,147.2193285,461.3415628,1347.822546,3494.728327,7580.469137,12578.85322
3986.917161,2935.46103,1998.338241,1230.384923,667.0506858,311.8399367,127.9948124,15.31258913,49.20785059,161.1845243,518.0837745,1537.056273,3986.917161,8436.337679,13155.2928
4527.361655,3362.476232,2303.058916,1421.104858,767.0079479,352.7439135,140.1175119,15.84670984,52.34338157,176.63161,582.0003599,1750.694636,4527.361655,9282.465668,13479.60213
5113.594852,3837.292225,2648.612713,1640.522441,882.9702886,400.1202329,153.8514953,16.40280688,55.71331349,193.7272798,653.9424795,1990.983752,5113.594852,10084.59991,13521.68136
5740.403875,4360.077483,3038.012823,1892.070106,1017.330933,455.0484051,169.4566763,16.9819864,59.33806607,212.6564025,734.839398,2260.077491,5740.403875,10804.08091,13275.19696
6399.262898,4929.035295,3473.584989,2179.24634,1172.74576,518.7753271,187.2386424,17.58542199,63.24002867,233.6236847,825.6989669,2559.918371,6399.262898,11400.87049,12759.53275
7077.8797,5539.828645,3956.579985,2505.472406,1352.126271,592.7348349,207.5565871,18.2143595,67.44375512,256.855411,927.6057482,2892.084442,7077.8797,11837.6443,12016.90509
7759.972508,6185.010347,4486.706076,2873.890705,1558.61553,678.5673065,230.8324283,18.87012213,71.9761765,282.6012467,1041.715961,3257.599382,7759.972508,12084.41727,11105.31527
8425.410345,6853.537391,5061.595254,3287.094033,1795.54028,778.1383052,257.5612122,19.55411605,76.86683276,311.136082,1169.248262,3656.705614,8425.410345,12122.85331,10089.30584
9050.843417,7530.476401,5676.235523,3746.777562,2066.330873,893.5547706,288.3228895,20.26783639,82.1481246,342.7618881,1311.469188,4088.60455,9050.843417,11949.27975,9030.966655
9610.907603,8197.027325,6322.425725,4253.311249,2374.399239,1027.176627,323.7955214,21.01287369,87.85558663,377.809547,1469.671914,4551.17416,9610.907603,11575.59966,7983.161125
10080.00173,8830.993532,6988.337044,4805.240612,2722.964105,1181.620853,364.7699363,21.79092095,94.02818293,416.6406021,1645.146831,5040.682147,10080.00173,11027.77277,6985.881938
10434.51321,9407.79613,7658.291442,5398.739511,3114.812661,1359.754016,412.1658014,22.60378119,100.7086261,459.648863,1839.142337,5551.52265,10434.51321,10342.17067,6065.570923
10655.22974,9902.059399,8312.883217,6027.059963,3551.989514,1564.668062,467.0489876,23.45337559,107.9437203,507.2617766,2052.814248,6076.014549,10655.22974,9560.661808,5236.562148
10729.56286,10289.68367,8929.564358,6680.049898,4035.408161,1799.632706,530.649989,24.34175236,115.7847301,559.9414576,2287.162368,6604.30823,10729.56286,8725.532307,4503.626963
10653.16969,10550.18882,9483.775598,7343.836435,4564.388381,2068.016316,604.3829823,25.2710963,124.2877741,618.1852405,2542.953134,7124.452297,10653.16969,7875.230145,3864.771156
10430.62617,10668.99066,9950.626154,8000.792881,5136.136037,2373.165803,689.8648671,26.24373908,133.5142448,682.5255885,2820.62792,7622.668641,10430.62617,7041.532247,3313.746519
10074.97841,10639.2087,10307.01034,8629.912165,5745.200429,2718.235067,788.9332859,27.2621705,143.5312553,753.5291565,3120.197636,8083.870235,10074.97841,6248.26808,2842.03335
9606.235127,10462.63635,10533.91921,9207.686205,6382.967904,3105.951577,903.6621524,28.32905048,154.4121101,831.7947683,3441.125767,8492.42895,9606.235127,5511.363904,2440.255857
9049.090625,10149.64408,10618.59732,9709.530582,7037.27655,3538.312304,1036.372601,29.4472222,166.2368023,917.9500253,3782.204026,8833.16138,9049.090625,4839.782596,2099.103043
8430.31158,9718.003579,10556.152,10111.69567,7692.259981,4016.20447,1189.636465,30.6197262,179.0925335,1012.646221,4141.427298,9092.454275,8430.31158,4236.914923,1809.868075
7776.241482,9190.852465,10350.2787,10393.48208,8328.54,4538.954543,1366.268402,31.84981567,193.0742558,1116.551191,4515.877413,9259.407222,7776.241482,3702.066648,1564.718477
7110.782336,8594.189297,10012.92253,10539.45959,8923.877433,5103.821559,1569.301583,33.14097304,208.2852323,1230.339694,4901.628296,9326.841099,7110.782336,3231.812536,1356.790476
6454.051235,7954.348177,9562.916447,10541.31561,9454.347303,5705.468815,1801.940514,34.49692779,224.837613,1354.680879,5293.687684,9292.018573,6454.051235,2821.105034,1180.177185
5821.739999,7295.842048,9023.853555,10398.97042,9896.023854,6335.470723,2067.483131,35.92167585,242.8530201,1490.222392,5685.992332,9156.95383,5821.739999,2464.110012,1029.858831
5225.076587,6639.821387,8421.595608,10120.70828,10227.04914,6981.936717,2369.203019,37.41950051,262.4631378,1637.570682,6071.473647,8928.250241,5225.076587,2154.791943,901.6063443
4671.218145,6003.226763,7781.85089,9722.266735,10429.83807,7629.356454,2710.181689,38.99499499,283.8102964,1797.267097,6442.208246,8616.483793,4671.218145,1887.293536,791.8773782
4163.89346,5398.571889,7128.17547,9225.046736,10493.07898,8258.782007,3093.080912,40.65308691,307.0480421,1969.759472,6789.662293,8235.227279,4163.89346,1656.159617,697.7155974
3704.13894,4834.207023,6480.603567,8653.78394,10413.16218,8848.452923,3519.846725,42.39906464,332.3416782,2155.369056,7105.02957,7799.865577,3704.13894,1456.450396,616.6587201
3291.016113,4314.884147,5854.951526,8034.102688,10194.73603,9374.929052,3991.340825,44.2386058,359.8687627,2354.25285,7379.651312,7326.373016,3291.016113,1283.780713,546.6575643
2922.243714,3842.460693,5262.711965,7390.341932,9850.248342,9814.719073,4506.902787,46.17780799,389.8195423,2566.361761,7605.492391,6830.208103,2922.243714,1134.312821,486.0064655
2594.714396,3416.617547,4711.382447,6743.922598,9398.540114,10146.28556,5063.858637,48.22322196,422.3972997,2791.395379,7775.63554,6325.437467,2594.714396,1004.722325,433.2844247
2304.891794,3035.511708,4205.055317,6112.36902,8862.755935,10352.19109,5657.008604,50.38188735,457.818585,3028.754742,7884.745732,5824.144965,2304.891794,892.1505241,387.3058819
2049.098804,2696.323176,3745.116233,5508.954432,8267.958432,10421.05814,6278.148574,52.66137112,496.313299,3277.495035,7929.453401,5336.128362,2049.098804,794.1517286,347.0798468
1823.714969,2395.684411,3330.938881,4942.844818,7638.850085,10348.98753,6915.703852,55.06980907,538.1245873,3536.280887,7908.609705,4868.845867,1823.714969,708.640758,311.7761401
1625.302493,2129.998775,2960.506201,4419.575168,6997.922297,10140.14092,7554.575222,57.61595028,583.5085006,3803.347629,7823.379928,4427.552189,1625.302493,633.8435771,280.6975932
1450.679011,1895.663634,2630.924788,3941.697358,6364.209563,9806.342102,8176.308458,60.309205,632.733366,4076.472533,7677.160743,4015.557718,1450.679011,568.2525366,253.2571966
1296.952441,1689.216997,2338.824983,3509.471033,5752.677624,9365.752228,8759.689411,63.15969598,686.0788105,4352.960561,7475.329882,3634.550442,1296.952441,510.5867655,228.9593289
1161.530049,1507.426022,2080.655019,3121.510547,5174.159357,8840.865503,9281.828296,66.17831346,743.8343662,4629.649344,7224.858483,3284.932804,1161.530049,459.757705,207.384335
1042.110907,1347.333372,1852.885317,2775.339858,4635.68933,8256.195328,9719.723954,69.37677411,806.2975813,4902.937953,6933.832568,2966.140405,1042.110907,414.8394728,188.1758492
936.6684108,1206.274374,1652.141362,2467.837294,4141.074784,7636.041989,10052.19708,72.76768391,873.7715541,5168.843225,6610.938014,2676.922951,936.6684108,375.0435942,171.0303589
843.4274878,1081.874928,1475.282676,2195.571945,3691.562045,7002.657707,10261.96992,76.3646054,946.561797,5423.086025,6264.962094,2415.578636,843.4274878,339.6975854,155.6886028
760.8396455,972.0375051,1319.442927,1955.044386,3286.495104,6374.990482,10337.58076,80.18212926,1024.972339,5661.207748,5904.355557,2180.140741,760.8396455,308.2268766,141.9284653
687.5578672,874.9204341,1182.043302,1742.848998,2923.902876,5768.044047,10274.79142,84.23595046,1109.300968,5878.714653,5536.885087,1968.519959,687.5578672,280.1395954,129.559096
622.4125881,788.9140482,1060.788349,1555.775565,2600.98504,5192.777416,10077.20018,88.54294918,1199.833513,6071.244576,5169.390219,1778.608392,622.4125881,255.0137807,118.4160321
564.3894375,712.6160181,953.6510977,1390.866047,2314.490073,4656.403223,9755.911464,93.12127648,1296.837089,6234.747377,4807.644413,1608.352003,564.3894375,232.4866469,108.3571425
512.6090709,644.8073398,858.8522229,1245.439715,2060.993561,4162.927992,9328.303791,97.99044497,1400.552212,6365.667757,4456.309022,1455.798161,512.6090709,212.2455718,99.2592478
466.3091843,584.4298284,774.8365336,1117.096967,1837.091951,3713.795765,8816.12279,103.1714244,1511.183744,6461.117119,4118.962143,1319.124241,466.3091843,194.0205295,91.01529568
424.828658,530.565554,700.2489031,1003.709584,1639.528985,3308.531955,8243.249359,108.6867425,1628.890632,6519.020617,3798.181717,1196.652254,424.828658,177.5777317,83.53199497
387.5936962,482.4183881,633.910978,903.4029772,1465.271226,2945.322748,7633.520145,114.5605903,1753.774468,6538.226495,3495.662775,1086.853581,387.5936962,162.7142787,76.72782852
354.1057878,439.2976591,574.7994222,814.5343261,1311.546774,2621.498185,7008.911343,120.818933,1885.866942,6518.567542,3212.351466,988.3469345,354.1057878,149.2536547,70.53138007
323.9312959,400.6038113,522.0260848,735.6691996,1175.858553,2333.910822,6388.271126,127.4896253,2025.116331,6460.86856,2948.582193,899.8919519,323.9312959,137.0419277,64.87992185
296.6924867,365.8159135,474.8202274,665.5583179,1055.980862,2079.216617,5786.647516,134.6025314,2171.373266,6366.898824,2704.208177,820.3801468,296.6924867,125.9445391,59.71821913
272.0598157,334.4808324,432.5127953,603.1154671,949.9456075,1854.072135,5215.146242,142.1896494,2324.376096,6239.273728,2478.719325,748.8244882,272.0598157,115.8435862,54.99751602
249.7453059,306.2038863,394.5226236,547.397115,856.0227497,1655.264629,4681.187307,150.2852396,2483.736309,6081.31455,2271.344239,684.3484666,249.7453059,106.6355179,50.67467265
229.4968678,280.6407976,360.3444222,497.5839775,772.6980896,1479.790989,4189.009657,158.9259562,2648.924581,5896.878766,2081.135377,626.1752319,229.4968678,98.22917715,46.71142952
211.0934303,257.4907761,329.5383634,452.9645929,698.6504286,1324.89947,3740.288255,168.150982,2819.258129,5690.175207,1907.037906,573.6171737,211.0934303,90.54413413,43.0737785
194.3407654,236.4905822,301.7210893,412.9208419,632.7293882,1188.105487,3334.760693,178.0021655,2993.890214,5465.57842,1747.943683,526.0661645,194.3407654,83.50926468,39.73142398
179.0679077,217.4094322,276.557967,376.9152836,573.9346336,1067.190194,2970.797292,188.5241585,3171.802671,5227.455053,1602.732267,482.9845826,179.0679077,77.06153499,36.65731992
165.1240814,200.0446294,253.7564294,344.480145,521.3968847,960.1883091,2645.880861,199.7645544,3351.802478,4980.012369,1470.301035,443.8971566,165.1240814,71.14496068,33.82727125
152.376061,184.2178149,233.0602555,315.2077891,474.360861,865.3697892,2356.98601,211.7740253,3532.523339,4727.175567,1349.586385,408.3836292,152.376061,65.70971329,31.21958993
140.7059027,169.7717491,214.2446606,288.7424891,432.1701543,781.2185321,2100.862985,224.606456,3712.433249,4472.497107,1239.577863,376.0722061,140.7059027,60.71135177,28.8147974
130.0089905,156.567548,197.1120827,264.7733454,394.2539373,706.4102205,1874.238876,238.3190739,3889.848845,4219.098058,1139.326799,346.633739,130.0089905,56.11016006,26.59536666
120.1923538,144.4823059,181.4885641,243.0281939,360.1153651,639.7906354,1673.951958,252.9725715,4062.957151,3969.638964,1047.950782,319.7765837,120.1923538,51.87057498,24.54549816
111.1732143,133.4070495,167.2206443,223.2683739,329.3215046,580.3552328,1497.034648,268.6312201,4229.844987,3726.316062,964.6350738,295.2420683,111.1732143,47.96069106,22.65092462
102.8777309,123.244975,154.172689,205.2842326,301.494625,527.2303995,1340.758759,285.3629709,4388.535911,3490.877693,888.6318395,272.8005106,102.8777309,44.3518311,20.89874077
95.23991266,113.9099265,142.2245919,188.8912657,276.3046831,479.6565648,1202.654247,303.2395407,4537.034048,3264.655588,819.25786,252.2477233,95.23991266,41.01817299,19.2772544
88.20067737,105.3250815,131.2697951,173.9268002,253.4628541,436.9731817,1080.510179,322.3364779,4673.373651,3048.605966,755.8912707,233.4019516,88.20067737,37.93642473,17.77585586
81.70703324,97.42181314,121.2135829,160.2471434,232.715966,398.6055024,972.3644294,342.7332042,4795.672673,2843.356017,697.9677076,216.1011922,81.70703324,35.08554093,16.38490347
75.71136776,90.13870416,111.9716072,147.7251294,213.8417164,364.0530171,876.4868014,364.5130269,4902.188133,2649.252181,644.9761557,200.2008461,75.71136776,32.44647489,15.09562265
70.17082808,83.42069091,103.4686135,136.2480061,196.6445616,332.8794008,791.3588134,387.7631169,4991.370686,2466.407471,596.4547077,185.5716654,70.17082808,30.00196152,13.900017
65.04678034,77.21831919,95.63733728,125.715614,180.9521833,304.7038058,715.6523464,412.5744437,5061.91555,2294.745905,551.9863778,172.097956,65.04678034,27.73632678,12.7907898
60.30433712,71.48709614,88.4175469,116.0388127,166.6124497,279.1933415,648.2085409,439.0416623,5112.806952,2134.042836,511.1950695,159.6760042,60.30433712,25.6353201,11.76127446
55.91194377,66.18692496,81.75521245,107.1381218,153.4908009,256.0565917,588.017788,467.2629425,5143.353441,1983.960512,473.7417598,148.212699,55.91194377,23.68596677,10.80537285
51.84101559,61.28161088,75.6017824,98.94254388,141.4679969,235.0380347,534.2012754,497.3397314,5153.211874,1844.078669,439.3209347,137.6243242,51.84101559,21.87643766,9.917500593
48.0656191,56.73842895,69.91355351,91.38854422,130.4381757,215.9132414,485.9942934,529.37644,5142.398537,1713.920268,407.6572946,127.8354989,48.0656191,20.19593401,9.092538266
44.56219167,52.52774503,64.65112077,84.41916494,120.3071773,198.4847472,442.7313444,563.4800421,5111.286677,1592.972672,378.5027324,118.7782482,44.56219167,18.63458536,8.325787978
41.3092943,48.622683,59.77889659,77.98325457,110.9910952,182.5785002,403.8329962,599.7595742,5060.590579,1480.704729,351.6335793,110.3911853,41.3092943,17.18335897,7.612934567
38.28739341,44.99883204,55.26468968,72.03479715,102.4150225,168.0408056,368.794364,638.3255247,4991.337243,1376.580235,326.8481076,102.6187934,38.28739341,15.83397935,6.950010898
35.47866787,41.63398875,51.07933576,66.53232684,94.51196586,154.7356946,337.1750759,679.289097,4904.827456,1280.068306,303.9642748,95.41079246,35.47866787,14.57885649,6.333366793
32.86683803,38.50792954,47.19637305,61.43841647,87.22190183,142.5426569,308.590569,722.7613364,4802.588682,1190.651135,282.8176919,88.72158135,32.86683803,13.41102196,5.759641169
30.43701404,35.60220944,43.5917567,56.71922988,80.49095743,131.3546856,282.7045597,768.8521034,4686.322568,1107.829604,263.2597989,82.50974519,30.43701404,12.3240717,5.225737038
28.17556106,32.89998393,40.24360708,52.34412946,74.27069631,121.0765881,259.2225469,817.6688827,4557.85,1031.127133,245.156229,76.73762024,28.17556106,11.31211499,4.72879906
26.0699793,30.38585099,37.13198752,48.2853316,68.51749633,111.6235261,237.8862117,869.3154127,4419.056542,960.0921465,228.3853443,71.37090871,26.0699793,10.3697285,4.266193386
24.10879697,28.0457107,34.2387077,44.51760355,63.19200604,102.9197513,218.4685959,923.8901246,4271.840786,894.2994319,212.8369262,66.37833754,24.10879697,9.491915284,3.835489589
22.28147482,25.86664044,31.54714962,41.01799642,58.25866906,94.89750986,200.7699506,981.4843804,4118.067664,833.3506553,198.4110055,61.73135568,22.28147482,8.674067768,3.434444501
20.57832068,23.83678357,29.04211306,37.76560958,53.68530747,87.49609056,184.6141641,1042.180501,3959.528239,776.8742417,185.0168173,57.4038651,20.57832068,7.911934553,3.060987834
18.99041293,21.94525018,26.70967837,34.74138241,49.44275605,80.66099767,169.8456847,1106.049583,3797.90689,724.5247837,172.5718685,53.37198166,18.99041293,7.201590507,2.713209529
17.50953187,20.18202831,24.53708427,31.92790999,45.50454087,74.34323044,156.3268707,1173.149097,3634.756261,675.9821176,161.0011045,49.61382192,17.50953187,6.539409852,2.389348832
16.12809809,18.53790457,22.51261903,29.30927964,41.8465962,68.49865469,143.9357047,1243.52028,3471.47986,630.9501731,150.236166,46.10931316,16.12809809,5.922041941,2.087785225
14.83911699,17.00439294,20.62552331,26.87092586,38.4470149,63.08745388,132.5638216,1317.185331,3309.321792,589.1556795,140.2147248,42.84002354,14.83911699,5.346389487,1.807031542
13.63612889,15.57367093,18.86590339,24.59950131,35.285828,58.07364883,122.1148044,1394.144429,3149.362839,550.3467939,130.8798909,39.78901036,13.63612889,4.809589064,1.545729889
12.51316394,14.23852221,17.22465346,22.48276194,32.3448096,53.42467676,112.5027104,1474.3726,2992.521923,514.2916996,122.1796821,36.940684,12.51316394,4.308993726,1.302651666
11.46470161,12.99228514,15.6933862,20.50946464,29.60730412,49.11102189,103.6507946,1557.816479,2839.561906,480.7772106,114.0665503,34.28068603,11.46470161,3.842157688,1.076704239
10.4856339,11.82880637,14.26437049,18.66927588,27.05807306,45.10589056,95.49040285,1644.391017,2691.098697,449.6074082,106.4969573,31.79577968,10.4856339,3.406823061,0.86694964
9.571232302,10.74239923,12.93047566,16.95269019,24.6831588,41.38492531,87.96000991,1733.976191,2547.612683,420.6023287,99.43099468,29.47375139,9.571232302,3.000908795,0.672647429
8.71711784,9.727806332,11.68512164,15.35095736,22.46976353,37.9259526,81.00438344,1826.413806,2409.461629,393.5967133,92.83204407,27.30332218,8.71711784,2.622502118,0.493352079
7.919234086,8.78016611,10.52223448,13.85601753,20.40614152,34.70876008,74.57385545,1921.504473,2276.894287,368.4388286,86.66647158,25.27406769,7.919234086,2.269853127,0.329151683
7.173822865,7.894982945,9.436206788,12.46044332,18.48150315,31.71489957,68.6236867,2019.004874,2150.064136,344.9893608,80.90335403,23.37634612,7.173822865,1.94137371,0.181348651
6.477402468,7.068100819,8.421862989,11.15738869,16.68592952,28.92751252,63.11351147,2118.625426,2029.042769,323.1203856,75.51423285,21.601233,6.477402468,1.635643043,0.054969765
5.826748252,6.295680383,7.474429208,9.940543778,15.01029651,26.33117533,58.00685151,2220.028484,1913.83258,302.7144124,70.47289284,19.9404623,5.826748252,1.351424035,-0.02643256
5.218875589,5.574179605,6.589508063,8.804096053,13.44620746,23.91176197,53.27069018,2322.827201,1804.378539,283.6635019,65.75516294,18.38637299,5.218875589,1.087699649,0.16346025
4.651025191,4.900338376,5.763058931,7.742697544,11.98593388,21.656322,48.87509842,2426.585204,1700.578886,265.8684523,61.33873686,16.93186075,4.651025191,0.843748687,0.040778893
4.12065102,4.271167903,4.991384937,6.751439174,10.62236381,19.5529722,44.79290608,2530.817209,1602.294694,249.2380531,57.20301125,15.57033402,4.12065102,0.619308121,-0.028972942
3.625411149,3.683946399,4.271129122,5.825833651,9.348957835,17.59080041,40.99941237,2634.990707,1509.358279,233.6883998,53.32893955,14.29567428,3.625411149,0.414949153,0.208897703
3.163162302,3.136223949,3.599284458,4.961810154,8.159713436,15.75978031,37.47213057,2738.528837,1421.580503,219.1422675,49.69890004,13.10219994,3.163162302,0.233068536,0.077519787
2.731959388,2.625841897,2.973226964,4.155727104,7.049138941,14.05069632,34.19056261,2840.81453,1338.757016,205.5285383,46.29657637,11.9846336,2.731959388,0.081054932,-0.017359579
2.330062298,2.150977354,2.390791167,3.404415895,6.012240361,12.45507802,31.13599966,2941.195982,1260.673525,192.7816786,43.10684945,10.93807242,2.330062298,-0.015611862,0.069055696
1.955954226,1.710234873,1.850430991,2.705283342,5.044527259,10.96514386,28.29134571,3038.993467,1187.110185,180.8412622,40.11569937,9.957961352,1.955954226,0.027864572,-0.021312032